Url,Player,Squad,role,Age,n_seasons,total_min,Won_percent_Aerial,Won_Aerial,Int,Clr,Tkl+Int,Blocks_Blocks,Cmp_percent_Total,Prog,Err,TklW_Tackles,CrsPA,Final_Third,Prog_Carries,Prog_Receiving,Recov,Mid 3rd_Tackles,Mis_Carries,KP,xAG_Per,SCA90_SCA,npxG_Per,Succ_Dribbles,Final_Third_Carries,G_minus_PK_Per,GCA90_GCA,Att Pen_Touches,mourinho_score,role_rank,metrics_used,pct__aerial_win_pct,pct__aerials_won,pct__interceptions,pct__clearances,pct__tackles_plus_int,pct__blocks,pct__pass_completion,pct__progressive_passes,pct__errors,pct__tackles_won,pct__crosses_into_pen_area,pct__passes_into_final_3rd,pct__progressive_carries,pct__prog_passes_received,pct__recoveries,pct__tackles_mid_third,pct__miscontrols,pct__key_passes,pct__expected_assists,pct__shot_creating_actions,pct__non_pen_xg,pct__successful_dribbles,pct__carries_into_final_3rd,pct__non_pen_goals,pct__goal_creating_actions,pct__touches_in_box,age_snap,market_value_eur,valM,band,_k
https://fbref.com/en/players/6b47c5db/Wilfred-Ndidi,Wilfred Ndidi,Leicester City,defensive_mid,23.0,3,4375.0,58.53986285714286,2.304,2.448,3.3325714285714283,6.397714285714286,2.201142857142857,85.96541714285715,2.571428571428571,0.0205714285714285,2.7154285714285717,0.0,3.065142857142857,1.9926199261992616,0.6582857142857143,12.548571428571428,1.6868571428571428,0.8539799683711122,0.3085714285714285,0.0285668571428571,1.0671474285714284,0.0384388571428571,0.4114285714285714,0.6879283078545071,0.0198948571428571,0.2247337142857143,0.6994285714285714,78.51612903225806,1.0,10,67.74193548387096,,96.7741935483871,93.5483870967742,100.0,93.5483870967742,64.51612903225806,9.67741935483871,,,,,,,98.38709677419357,95.16129032258064,25.806451612903224,,,,,,,,,,25.0,60000000.0,60.0,mid,wilfred ndidi
https://fbref.com/en/players/4f565d77/Kalvin-Phillips,Kalvin Phillips,Leeds United,defensive_mid,24.0,3,4026.0,46.960337972167,1.2071535022354694,1.855439642324888,1.9895678092399405,4.9627421758569294,2.302533532041729,82.28077496274219,3.956780923994039,0.044709388971684,1.9448584202682564,0.1117734724292101,4.895678092399404,1.9458250497017893,0.849478390461997,12.116244411326376,1.2965722801788375,0.7157057654075547,0.9388971684053652,0.0982215598609041,1.81197218082464,0.0358469945355191,0.5588673621460507,0.5815109343936382,0.0241231992051664,0.1153005464480874,0.3800298062593144,65.75806451612902,11.0,10,22.58064516129032,,67.74193548387096,67.74193548387096,85.48387096774194,98.38709677419357,32.25806451612903,45.16129032258064,,,,,,,91.93548387096774,75.80645161290323,43.548387096774185,,,,,,,,,,26.0,50000000.0,50.0,mid,kalvin phillips
https://fbref.com/en/players/08593525/Diadie-Samassekou,Diadie Samassékou,Hoffenheim,defensive_mid,24.0,3,4252.0,48.06808914177336,1.7991533396048918,2.2013170272812794,2.4553151458137346,4.910630291627469,1.9261523988711196,82.58541862652869,2.7093132643461897,0.0,1.6933207902163687,0.0634995296331138,3.0691439322671683,2.4751066856330013,1.5451552210724364,12.424741298212606,1.523988711194732,0.8534850640113798,0.3386641580432737,0.0634125117591721,1.2273283160865476,0.0315169332079021,0.8043273753527751,0.7041251778093883,0.0428151458137347,0.2129703668861712,0.7408278457196613,65.38709677419357,12.0,10,25.806451612903224,,91.93548387096774,85.48387096774194,80.64516129032258,74.19354838709677,37.096774193548384,14.516129032258066,,,,,,,95.16129032258064,88.70967741935483,27.41935483870968,,,,,,,,,,26.0,20000000.0,20.0,bargain,diadie samassekou
https://fbref.com/en/players/6c203af0/Yves-Bissouma,Yves Bissouma,Brighton,defensive_mid,23.0,3,5719.0,59.19122224165064,0.94422101766043,1.9199160692428747,1.9199160692428747,4.957160342717258,1.66812379786676,88.43565308620389,2.8484000699422976,0.0,2.030075187969925,0.0314740339220143,3.33624759573352,4.463806970509383,0.6924287462843154,10.11890190592761,1.306172407763595,1.0168517809268478,0.4248994579471936,0.0345602378038118,1.4410106662003843,0.041953138660605,1.2746983738415807,1.7751819226350056,0.0310841056128693,0.0953890540304249,0.472110508830215,64.46774193548387,14.0,10,77.41935483870968,,70.96774193548387,62.903225806451616,83.87096774193549,61.29032258064516,85.48387096774194,17.741935483870968,,,,,,,51.61290322580645,77.41935483870968,12.903225806451612,,,,,,,,,,26.0,35000000.0,35.0,mid,yves bissouma
https://fbref.com/en/players/3b8674e6/Rodrigo-Bentancur,Rodrigo Bentancur,Juventus,defensive_mid,23.0,3,4687.0,57.15824621292937,1.2481331342009816,1.5553659056966076,1.651376146788991,4.262854704501813,2.054619159377,88.38762534670364,5.203755067207169,0.0192020482184766,1.5169618092596544,0.1728184339662897,5.414977597610412,4.347354138398915,1.382547471730318,9.735438446767656,1.2481331342009816,0.5617367706919946,1.0177085555792618,0.1176658843609985,2.4553381694047367,0.0494836782590143,0.9409003627053552,1.4654002713704206,0.0384809046298271,0.4605931299338596,0.8064860251760189,60.90322580645161,16.0,10,62.903225806451616,,43.54838709677419,45.16129032258064,56.451612903225815,82.25806451612904,83.87096774193549,74.19354838709677,,,,,,,38.70967741935484,62.903225806451616,64.51612903225806,,,,,,,,,,25.0,50000000.0,50.0,mid,rodrigo bentancur
https://fbref.com/en/players/cc77354e/Boubacar-Kamara,Boubacar Kamara,Marseille,defensive_mid,20.0,3,6238.0,58.76960564283424,1.8467457518435395,1.486053222186598,2.034305867265149,4.400448861814684,1.6447579352356525,88.49470984289836,4.24174414876563,0.0,1.947739660147483,0.0432831035588329,5.395960243667842,4.077926657263752,1.5437640269317088,9.493427380570695,1.41391471625521,0.5553596614950634,0.620391151009939,0.0684514267393395,1.646848348829753,0.0317313241423533,0.6348188521962167,1.0472496473906912,0.0133600512984931,0.1287848669445334,1.0243667842257134,60.59677419354839,17.0,10,72.58064516129032,,33.87096774193548,69.35483870967742,61.29032258064516,59.67741935483871,87.09677419354838,51.61290322580645,,,,,,,33.87096774193548,83.87096774193549,67.74193548387098,,,,,,,,,,22.0,40000000.0,40.0,mid,boubacar kamara
https://fbref.com/en/players/6434f10d/Rodri,Rodri,Manchester City,defensive_mid,25.0,3,6574.0,74.36626102829328,2.8612716763005777,1.2047459689686644,1.902951019166413,3.4773349558868265,1.4101003954974138,91.8813811986614,5.33921508974749,0.0273805902038332,1.6017645269242469,0.0273805902038332,7.817158503194402,6.344105113636364,1.5333130514146638,12.554000608457558,1.177365378764831,0.4953835227272727,0.8214177061149984,0.0572528141162153,2.433979312442957,0.0747125038028597,0.5886826893824155,1.454190340909091,0.1090538484940675,0.2384393063583815,1.7660480681472466,60.193548387096776,18.0,10,100.0,,9.67741935483871,59.67741935483871,22.58064516129032,27.41935483870968,98.38709677419357,82.25806451612904,,,,,,,100.0,58.06451612903226,79.03225806451613,,,,,,,,,,26.0,130000000.0,130.0,marquee,rodri
https://fbref.com/en/players/ce4f40c7/Cheick-Doucoure,Cheick Doucouré,Lens,defensive_mid,21.0,3,6376.0,52.48561794228356,0.8469259723964868,2.089084065244667,1.016311166875784,4.84159347553325,1.1998117942283564,87.03793914680048,5.208594730238394,0.0,2.0185069008782937,0.0141154328732747,5.236825595984943,6.298223577965189,1.6091593475533248,9.697302383939771,1.157465495608532,0.6782702314731742,1.016311166875784,0.0891405269761606,2.289361668757842,0.0521016311166875,0.8186951066499372,1.808720617261798,0.0427023212045169,0.2236198243412798,0.6210790464240903,58.016129032258064,21.0,10,35.483870967741936,,87.09677419354838,16.129032258064516,77.41935483870968,12.903225806451612,75.80645161290323,75.80645161290323,,,,,,,37.096774193548384,53.2258064516129,50.0,,,,,,,,,,22.0,35000000.0,35.0,mid,cheick doucoure
https://fbref.com/en/players/10b9fa99/Ethan-Ampadu,Ethan Ampadu,Venezia,defensive_mid,20.0,3,4934.0,65.95360762059181,2.6266720713417104,1.769355492501013,3.794081880826915,4.450749898662343,2.097689501418728,77.63672476692338,3.6846372111876775,0.0364815565464126,1.5687069314957438,0.1459262261856506,3.137413862991488,3.479752916952642,0.4560194568301581,9.321037697608432,1.0032428050263478,0.4735758407687028,0.4742602351033644,0.0546858532630725,1.0620409404134576,0.0145642480745845,0.3648155654641264,1.2354152367879203,0.0,0.1141811917308471,0.4742602351033644,54.2258064516129,24.0,10,91.93548387096774,,61.29032258064516,98.38709677419357,62.903225806451616,85.48387096774194,6.451612903225806,40.32258064516129,,,,,,,29.03225806451613,38.70967741935484,85.48387096774194,,,,,,,,,,22.0,15000000.0,15.0,bargain,ethan ampadu
https://fbref.com/en/players/44bfb6c5/Ruben-Neves,Rúben Neves,Wolves,defensive_mid,23.0,3,6416.0,51.19008728179551,0.841645885286783,1.6552369077306732,1.865648379052369,4.3344763092269325,1.865648379052369,83.71154925187034,4.783354114713217,0.0280548628428927,1.7394014962593516,0.0841645885286783,6.649002493765586,4.01424287856072,0.8556733167082294,10.183915211970074,1.1081670822942642,0.5397301349325337,0.8697007481296758,0.0657091645885286,2.040057668329177,0.0708245012468827,0.6452618453865336,1.3493253373313343,0.1158650249376558,0.08580891521197,0.5610972568578554,53.98387096774192,25.0,10,32.25806451612903,,50.0,56.451612903225815,59.67741935483871,66.12903225806451,46.774193548387096,61.29032258064516,,,,,,,54.83870967741935,46.774193548387096,70.96774193548387,,,,,,,,,,25.0,50000000.0,50.0,mid,ruben neves
https://fbref.com/en/players/a8a874f1/Manuel-Locatelli,Manuel Locatelli,Sassuolo,defensive_mid,22.0,3,5777.0,57.18428249956725,1.5267439847671804,1.4332698632508225,1.9162194910853383,3.832438982170677,1.931798511338065,86.27919335295137,6.5587675263977845,0.0155790202527263,1.464427903756275,0.1090531417690843,6.885926951705038,4.425936942296253,1.651376146788991,9.207200969361262,0.9970572961744852,0.7852468768590125,1.0749523974381168,0.0811788125324562,2.472612082395707,0.0824147481391725,0.6854768911199585,1.32064247471743,0.0748104552535918,0.3235398996018695,1.417690842998096,50.516129032258064,34.0,10,64.51612903225806,,25.806451612903224,61.29032258064516,37.096774193548384,75.80645161290323,69.35483870967742,95.16129032258064,,,,,,,27.41935483870968,37.096774193548384,32.25806451612904,,,,,,,,,,24.0,35000000.0,35.0,mid,manuel locatelli
https://fbref.com/en/players/3ee0dd59/Martin-Zubimendi,Martín Zubimendi,Real Sociedad,defensive_mid,22.0,3,5489.0,66.56225177627984,2.5250501002004007,1.5084714884314083,2.3282929495354345,3.4268537074148298,1.377300054654764,86.74736746219712,4.033521588631809,0.0491892876662415,1.0821643286573146,0.0163964292220805,4.623793040626708,4.185110663983903,0.7214428857715431,8.394971761705229,0.8362178903261068,0.5030181086519114,0.4427035889961742,0.028149025323374,1.2201748952450355,0.0573036983057023,0.3935143013299326,1.2273641851106638,0.0497012206230643,0.1343505192202587,0.7706321734377847,43.2741935483871,44.0,10,95.16129032258064,,38.70967741935484,83.87096774193549,20.967741935483872,24.193548387096776,74.19354838709677,48.38709677419355,,,,,,,9.67741935483871,24.193548387096776,75.80645161290323,,,,,,,,,,23.0,50000000.0,50.0,mid,martin zubimendi
https://fbref.com/en/players/822d51d7/Youssouf-Fofana,Youssouf Fofana,Monaco,defensive_mid,21.0,3,6047.0,54.36819910699521,0.6548701835620969,1.4139242599636184,0.863237969240946,4.28642301967918,1.503224739540268,80.92765007441707,5.179427815445676,0.0297668265255498,2.0539110302629404,0.0744170663138746,4.8371093104018525,5.261702547896505,2.2771622292045643,8.677029932197785,1.5478749793285929,0.9065771281848708,0.8930047957664958,0.1099966925748305,2.018538118075078,0.0617578964775922,1.2353233008103193,1.5465139245506618,0.0146452786505705,0.3321217132462378,0.6846370100876469,43.24193548387096,45.0,10,50.0,,20.967741935483872,9.67741935483871,58.06451612903226,45.16129032258064,24.193548387096776,70.96774193548387,,,,,,,16.129032258064516,91.93548387096774,20.967741935483875,,,,,,,,,,23.0,30000000.0,30.0,mid,youssouf fofana
https://fbref.com/en/players/0f8418aa/Ibrahima-Sissoko,Ibrahima Sissoko,Strasbourg,defensive_mid,22.0,3,5109.0,65.99667253865726,2.2548443922489723,1.7087492660011745,1.7087492660011745,3.734586024662361,1.9377568995889607,80.5642591505187,3.5760422783323547,0.0,1.3211978860833822,0.1409277745155607,3.241338813857898,4.496314496314496,3.065179095713447,9.74163241338814,0.8984145625366999,1.3267813267813269,0.5813270698766883,0.0870718340183989,1.6031278136621647,0.0920982579761205,0.9864944216089254,1.160933660933661,0.0360618516343707,0.1902583675866118,1.920140927774516,43.12903225806452,46.0,10,93.5483870967742,,56.451612903225815,48.38709677419355,33.87096774193548,77.41935483870968,22.58064516129032,33.87096774193548,,,,,,,40.32258064516129,30.64516129032258,3.2258064516129004,,,,,,,,,,25.0,8000000.0,8.0,bargain,ibrahima sissoko
https://fbref.com/en/players/26777636/Yacine-Adli,Yacine Adli,Bordeaux,defensive_mid,20.0,3,4794.0,53.18126825198164,1.0137672090112642,1.802252816020025,0.7509386733416771,4.524405506883604,1.4831038798498124,77.89019607843137,5.556946182728411,0.0563204005006257,1.8585732165206508,0.1501877346683354,4.956195244055069,5.9640872167593,2.4593241551939924,7.171464330413016,1.1451814768460575,1.519880290722531,2.083854818523154,0.2002503128911139,3.676687526074259,0.0794284522319566,1.8773466833541927,1.8277041470713984,0.0541635377555277,0.3964539007092198,1.4831038798498124,42.49999999999999,47.0,10,43.54838709677419,,62.903225806451616,6.451612903225806,69.35483870967742,41.935483870967744,8.064516129032258,88.70967741935483,,,,,,,3.225806451612903,50.0,1.6129032258064502,,,,,,,,,,22.0,15000000.0,15.0,bargain,yacine adli
https://fbref.com/en/players/f7c12fbf/Hugo-Guillamon,Hugo Guillamón,Valencia,defensive_mid,21.0,3,5192.0,55.90568181818182,2.2708012326656397,1.421417565485362,4.004237288135593,2.790832049306625,1.2827426810477658,85.08488058551617,3.5708782742681047,0.1040061633281972,0.9187211093990756,0.0173343605546995,4.264252696456087,3.0420786387675327,0.5546995377503852,8.771186440677965,0.5200308166409862,0.4966659002069441,0.4680277349768875,0.0340312018489984,1.1766814329738058,0.0238289676425269,0.1560092449922958,0.4759714876983214,0.0373343605546995,0.1471013097072419,0.4160246533127889,32.774193548387096,55.0,10,58.06451612903226,,22.58064516129032,100.0,11.29032258064516,14.516129032258066,59.67741935483871,32.25806451612903,,,,,,,19.35483870967742,6.451612903225806,77.41935483870968,,,,,,,,,,22.0,25000000.0,25.0,bargain,hugo guillamon
https://fbref.com/en/players/20094685/Maxime-Lopez,Maxime Lopez,Sassuolo,defensive_mid,23.0,3,5719.0,37.16224864486798,0.188844203532086,1.4320685434516525,0.94422101766043,3.178877426123448,1.0701171533484874,91.27074663402696,5.854170309494667,0.0472110508830215,1.0701171533484874,0.0786850848050358,6.908550445882147,6.391087047063723,1.6051757300227312,7.852771463542577,0.566532610596258,0.8059142024156601,1.2904353908025878,0.095032348312642,2.8091274698373843,0.0465186221367371,0.7081657632453227,2.099125364431487,0.0634166812379786,0.2197779332051057,0.83406189893338,31.129032258064512,56.0,10,6.451612903225806,,24.193548387096776,12.903225806451612,17.741935483870968,4.838709677419355,96.7741935483871,90.32258064516128,,,,,,,4.838709677419355,8.064516129032258,29.032258064516125,,,,,,,,,,24.0,17000000.0,17.0,bargain,maxime lopez
https://fbref.com/en/players/68a26d51/Pedro-Chirivella,Pedro Chirivella,Nantes,defensive_mid,24.0,3,5937.0,43.5866599292572,0.4699343102577059,1.3794845881758464,0.515411824153613,2.940879231935321,1.0005053057099544,84.50798383021728,4.562910560889338,0.0,0.8792319353208691,0.090955027791814,6.260737746336534,2.708968883465528,1.6523496715512884,8.65588681152097,0.7579585649317837,0.4392922513727882,0.8034360788276907,0.0624305204648812,1.753067205659424,0.0301970692268822,0.2880242546740778,0.6589383770591825,0.0444163719050025,0.1237291561394643,0.7427993936331481,26.29032258064516,58.0,10,17.741935483870968,,16.129032258064516,4.838709677419355,12.903225806451612,3.225806451612903,51.61290322580645,56.451612903225815,,,,,,,14.516129032258066,19.35483870967742,91.93548387096774,,,,,,,,,,25.0,7000000.0,7.0,bargain,pedro chirivella
https://fbref.com/en/players/a572e291/Orel-Mangala,Orel Mangala,Stuttgart,defensive_mid,22.0,3,4229.0,43.36859777725231,0.6597304327264129,1.213052731142114,1.0215180893828328,2.383542208559944,1.638685268384961,83.70219910144242,2.8730196263892176,0.0,0.7448569401749823,0.0212816268621423,2.53251359659494,3.952549217566885,3.2986521636320645,8.491369117994799,0.489477417829274,1.226653205451792,0.978954835658548,0.0969094348545755,2.2989430125325137,0.0725396074722156,2.3196973279735165,1.3856638061585056,0.0418562307874201,0.2537030030740128,1.915346417592812,18.32258064516129,61.0,10,16.129032258064516,,11.29032258064516,17.741935483870968,4.838709677419355,58.06451612903226,45.16129032258064,19.35483870967742,,,,,,,11.29032258064516,3.225806451612903,4.838709677419351,,,,,,,,,,24.0,22000000.0,22.0,bargain,orel mangala
https://fbref.com/en/players/d781d855/Alphonso-Davies,Alphonso Davies,Bayern Munich,full_back,19.0,3,4442.0,48.38102206213417,0.7294011706438541,2.0058532192705987,1.175146330481765,4.214317874831157,1.965330932012607,86.91148131472309,5.105808194506979,0.0405222872579918,1.539846915803692,0.4254840162089149,3.8293561458802334,9.89152155295461,3.647005853219271,10.941017559657812,0.8712291760468258,1.9269197830431055,1.3169743358847366,0.1557721746960828,2.951123367852319,0.0576271949572264,2.9581269698334083,3.725378247216671,0.019844664565511,0.2494304367402071,3.4038721296713192,79.62608695652175,1.0,11,42.60869565217392,,93.04347826086956,,81.73913043478261,67.82608695652173,93.91304347826087,,,86.08695652173914,46.95652173913044,82.6086956521739,100.0,86.08695652173914,100.0,,,,,,,,,,,,22.0,80000000.0,80.0,marquee,alphonso davies
https://fbref.com/en/players/3c6bbbab/Fabien-Centonze,Fabien Centonze,Metz,full_back,24.0,3,4909.0,61.57883479323692,1.3933591362803015,2.163373395803626,4.106742717457731,4.950091668364229,2.365043797107354,78.31947443471175,2.8783866367895703,0.0183336728457934,1.503361173355062,0.4400081482990425,1.9433693216541048,6.534220927813605,1.7966999388877571,8.360154817681808,0.8066816052149114,1.291866028708134,0.5500101853738032,0.0594764717865145,1.3798594418415158,0.0401079649623141,1.9433693216541048,1.8722696068233824,0.0939926665308616,0.127398655530658,0.9716846608270524,68.69565217391303,5.0,11,89.56521739130436,,98.2608695652174,,95.65217391304348,93.04347826086956,50.43478260869565,,,82.6086956521739,49.56521739130435,10.434782608695652,77.39130434782608,36.52173913043478,64.34782608695652,,,,,,,,,,,,26.0,8000000.0,8.0,bargain,fabien centonze
https://fbref.com/en/players/9e525177/Aaron-Wan-Bissaka,Aaron Wan-Bissaka,Manchester Utd,full_back,22.0,3,4858.0,49.83707286949362,1.222725401399753,2.167558666117744,2.927130506381227,4.816797035817209,3.130918073281186,85.04024289831206,3.297653355290243,0.0,1.426512968299712,0.3890489913544669,2.4269246603540555,5.65629507521121,2.2231370934540964,8.003293536434747,0.7966241251543845,0.5192664331341438,0.8151502675998353,0.0625463153561136,1.6339810621655002,0.0299691230959242,1.4079868258542612,2.077065732536575,0.0377933305887196,0.1696274186908192,1.2041992589543022,67.33913043478262,7.0,11,47.82608695652174,,99.1304347826087,,92.17391304347828,100.0,86.08695652173914,,,79.13043478260869,42.60869565217392,32.17391304347826,66.08695652173913,47.82608695652174,54.78260869565217,,,,,,,,,,,,24.0,40000000.0,40.0,mid,aaron wan-bissaka
https://fbref.com/en/players/31a62dc7/Zeki-Celik,Zeki Çelik,Lille,full_back,24.0,3,5516.0,60.36807469180565,1.4358230601885424,1.4195068890500362,2.1211022480058013,4.1769398114575775,2.202683103698332,79.1124546773024,4.372733865119652,0.0163161711385061,1.501087744742567,0.4242204496011602,3.866932559825961,6.080362418751231,2.3658448150833937,7.766497461928933,1.011602610587382,0.8686232026787473,0.9137055837563453,0.0770503988397389,1.694811457577955,0.0354586656997824,0.7505438723712835,1.542249359858184,0.0816950688905003,0.2137454677302393,1.9416243654822332,66.86956521739131,8.0,11,86.95652173913044,,45.21739130434783,,78.26086956521739,86.95652173913044,57.391304347826086,,,81.73913043478261,46.08695652173913,83.47826086956522,73.04347826086956,58.26086956521739,41.73913043478261,,,,,,,,,,,,25.0,20000000.0,20.0,bargain,zeki celik
https://fbref.com/en/players/1265a93a/Reece-James,Reece James,Chelsea,full_back,20.0,3,4796.0,55.39745621351125,1.2760633861551292,1.2760633861551292,1.5950792326939116,3.4716430358632198,1.7827356130108425,85.68788573811509,4.766472060050042,0.0,1.2572977481234362,0.73185988323603,3.340283569641368,7.094642435685627,4.090909090909091,7.900333611342785,0.8256880733944953,0.6372433325466133,1.8015012510425357,0.2178315262718932,3.2464449541284406,0.1085800667222685,1.5012510425354462,2.3365588860042483,0.1317180984153461,0.3372956630525438,2.7773144286905755,66.75652173913043,9.0,11,67.82608695652173,,30.434782608695656,,47.82608695652174,54.78260869565217,90.43478260869566,,,63.47826086956522,90.43478260869566,68.69565217391305,88.69565217391305,89.56521739130436,53.04347826086957,,,,,,,,,,,,22.0,70000000.0,70.0,mid,reece james
https://fbref.com/en/players/1daec722/Marc-Cucurella,Marc Cucurella,Getafe,full_back,22.0,3,7072.0,47.026682692307695,1.6671380090497736,1.679864253393665,1.5907805429864252,3.8815045248868776,1.99802036199095,76.84039875565611,3.817873303167421,0.0,1.5144230769230769,0.5217760180995474,2.9906674208144794,5.22974893415443,3.016119909502262,8.679298642533936,1.0053733031674208,1.2079583135954526,1.0690045248868778,0.0883173076923077,2.247064479638009,0.0391742081447963,0.7763009049773755,1.6627190904784463,0.0498006221719457,0.1186411199095022,2.138009049773756,66.61739130434783,10.0,11,40.869565217391305,,72.17391304347827,,70.43478260869566,73.04347826086956,39.130434782608695,,,85.21739130434783,65.21739130434783,60.0,61.73913043478261,73.04347826086956,74.78260869565217,,,,,,,,,,,,24.0,55000000.0,55.0,mid,marc cucurella
https://fbref.com/en/players/c3ee18ef/Lucas-Hernandez,Lucas Hernández,Bayern Munich,full_back,25.0,3,3949.0,71.59906305393771,2.30184856925804,1.4130159534059257,2.917194226386427,3.988351481387693,1.7776652317042287,88.0328437579134,5.902760192453785,0.0227905798936439,1.504178272980501,0.3190681185110154,6.199037731071157,6.029776674937966,1.0483666751076222,10.141808052671562,0.9799949354266904,0.3722084367245657,0.546973917447455,0.0591238288174221,1.185041782729805,0.0315978728792099,0.7976702962775386,1.7121588089330029,0.0,0.1855431754874651,0.8888326158521144,66.38260869565218,11.0,11,100.0,,43.47826086956522,,73.91304347826086,53.04347826086957,95.65217391304348,,,84.34782608695653,25.217391304347824,97.3913043478261,71.30434782608695,12.173913043478262,97.3913043478261,,,,,,,,,,,,26.0,70000000.0,70.0,mid,lucas hernandez
https://fbref.com/en/players/0118c54c/Anthony-Caci,Anthony Caci,Strasbourg,full_back,23.0,3,5638.0,42.02880454061725,1.1653068463994325,1.963462220645619,1.7080525008868392,4.900673997871586,1.660163178432068,78.19918410783966,5.571124512238383,0.0,1.8676835757360768,0.5746718694572543,4.086555516140475,4.454930662557781,1.2770485987938984,8.4764100744945,0.9418233416105002,0.7280431432973806,0.7343029443064917,0.1108194395175594,1.4043366442000709,0.033612983327421,0.830081589216034,1.2827426810477658,0.0328130542745654,0.1132617949627527,0.8779709116708052,66.29565217391306,12.0,11,27.82608695652174,,89.56521739130436,,94.78260869565216,34.78260869565217,48.69565217391305,,,95.65217391304348,73.04347826086956,86.08695652173914,43.47826086956522,15.65217391304348,69.56521739130434,,,,,,,,,,,,25.0,12000000.0,12.0,bargain,anthony caci
https://fbref.com/en/players/ea0aa7e0/Mihailo-Ristic,Mihailo Ristić,Montpellier,full_back,24.0,2,4039.0,57.59824213914335,1.1809853924238671,1.4483783114632334,2.250557068581332,4.055459272097053,1.9831641495419656,76.98576380292151,3.854914582817529,0.0,1.3815300817033918,0.6907650408516959,3.119584055459272,4.969051745481555,2.072295122555088,7.843525625154741,0.6684822975984154,0.958157959891062,0.824461500371379,0.07,1.8503515721713293,0.0344639762317405,0.958157959891062,1.6712057439960386,0.0223198811587026,0.2666080713047783,0.824461500371379,64.98260869565217,15.0,11,74.78260869565217,,52.17391304347826,,76.52173913043478,70.43478260869566,41.73913043478261,,,73.91304347826086,87.82608695652175,66.95652173913044,56.52173913043478,44.34782608695652,49.56521739130435,,,,,,,,,,,,25.0,3500000.0,3.5,bargain,mihailo ristic
https://fbref.com/en/players/ff0ab48c/Leo-Dubois,Leo Dubois,Lyon,full_back,25.0,2,4645.0,54.5870398277718,1.046286329386437,1.123789020452099,1.821313240043057,3.1582346609257264,2.1506996770721205,81.05011840688914,6.180839612486544,0.038751345532831,1.3756727664155004,0.542518837459634,3.952637244348762,7.207750269106565,3.119483315392896,9.029063509149625,0.7168998923573735,0.8719052744886975,1.6469321851453174,0.1549967707212056,3.026208826695372,0.0362497308934338,0.8719052744886975,2.32508073196986,0.0374983853606028,0.272497308934338,1.976318622174381,64.69565217391305,16.0,11,65.21739130434783,,16.52173913043478,,27.82608695652174,84.34782608695653,68.69565217391305,,,72.17391304347827,66.95652173913044,84.34782608695653,90.43478260869566,78.26086956521739,82.6086956521739,,,,,,,,,,,,26.0,16000000.0,16.0,bargain,leo dubois
https://fbref.com/en/players/2146785a/Davide-Calabria,Davide Calabria,Milan,full_back,23.0,3,5284.0,37.80707797123392,0.6642694928084785,1.3626040878122634,2.1120363361090084,4.6669190007570025,2.0098410295230886,77.45677517032551,5.331188493565481,0.0170325510976532,1.856548069644209,0.4939439818319455,4.6669190007570025,4.815358791439362,1.839515518546556,9.2997728993187,1.0049205147615443,0.6986991187578683,0.7323996971990916,0.0670401211203633,1.7731529144587437,0.0931131718395155,0.4939439818319455,1.624003357112883,0.0671479939439818,0.2036866010598031,1.2604087812263438,64.33043478260869,17.0,11,16.52173913043478,,37.391304347826086,,91.30434782608695,75.65217391304347,44.34782608695652,,,94.78260869565216,60.86956521739131,93.04347826086956,53.91304347826087,37.391304347826086,89.56521739130436,,,,,,,,,,,,25.0,25000000.0,25.0,bargain,davide calabria
https://fbref.com/en/players/ac73ec79/Nordi-Mukiele,Nordi Mukiele,RB Leipzig,full_back,23.0,3,4105.0,64.69456760048722,2.7186358099878194,1.907429963459196,2.389768574908648,4.231425091352009,1.7320341047503045,78.50755176613886,4.209500609013398,0.0657734470158343,1.2496954933008526,0.3069427527405602,2.302070645554202,4.373401534526854,3.1571254567600486,8.528623629719853,0.833130328867235,1.227621483375959,0.5481120584652862,0.1118197320341047,1.181973203410475,0.1165456760048721,0.7235079171741777,1.329923273657289,0.0878002436053593,0.1808038976857491,2.8501827040194883,59.69565217391305,23.0,11,93.91304347826087,,85.21739130434783,,82.6086956521739,43.47826086956522,53.04347826086957,,,62.60869565217392,23.47826086956522,23.47826086956522,41.73913043478261,80.8695652173913,73.04347826086956,,,,,,,,,,,,25.0,25000000.0,25.0,bargain,nordi mukiele
https://fbref.com/en/players/d4c9725f/Theo-Hernandez,Theo Hernández,Milan,full_back,22.0,3,6618.0,64.74948624962225,1.1967361740707163,1.4415231187669992,1.3191296464188578,3.4406165004533094,1.5095194922937445,81.02339075249321,4.338168631006346,0.0543970988213961,1.3327289211242068,0.3535811423390753,3.046237533998186,7.6063075832742735,2.869446962828649,7.520398912058024,0.6527651858567544,1.2756909992912828,1.4551223934723485,0.1871864611665155,2.7778815352070114,0.1241130250831066,1.6319129646418855,2.838412473423104,0.1463221517074645,0.4585750982169839,2.6246600181323663,59.38260869565218,24.0,11,94.78260869565216,,51.30434782608696,,46.08695652173913,25.217391304347824,67.82608695652173,,,69.56521739130434,31.30434782608696,63.47826086956522,94.78260869565216,71.30434782608695,35.65217391304348,,,,,,,,,,,,25.0,60000000.0,60.0,mid,theo hernandez
https://fbref.com/en/players/3353737a/Sergio-Reguilon,Sergio Reguilón,Tottenham,full_back,23.0,2,4160.0,52.51615384615385,1.3197115384615383,1.6658653846153846,2.3149038461538463,3.786057692307693,1.838942307692308,76.41701923076924,2.8990384615384617,0.0,1.1899038461538465,0.7788461538461539,1.9903846153846156,4.564903846153846,3.3966346153846154,7.766826923076923,0.6923076923076923,0.951923076923077,1.0168269230769231,0.1168461538461538,2.0084615384615385,0.0906634615384615,0.9735576923076924,1.4711538461538465,0.041451923076923,0.2785480769230769,2.401442307692308,57.55652173913044,35.0,11,55.65217391304348,,70.43478260869566,,65.21739130434783,58.26086956521739,34.78260869565217,,,53.91304347826087,93.04347826086956,11.304347826086955,46.08695652173913,81.73913043478261,42.60869565217392,,,,,,,,,,,,24.0,28000000.0,28.0,bargain,sergio reguilon
https://fbref.com/en/players/5d0e0a1f/Adrien-Truffert,Adrien Truffert,Rennes,full_back,18.0,3,4525.0,45.25776795580111,1.1734806629834251,1.27292817679558,2.2077348066298343,3.321546961325967,2.2077348066298343,82.65058563535912,3.898342541436464,0.0397790055248618,1.0939226519337018,0.5171270718232044,3.043093922651934,7.295264623955433,3.1425414364640885,7.83646408839779,0.5569060773480663,1.1030640668523677,0.8353591160220994,0.0982917127071823,1.990899447513812,0.0748441988950276,0.7756906077348066,2.1309192200557106,0.0795116022099447,0.3350939226519337,2.068508287292817,57.43478260869564,36.0,11,34.78260869565217,,29.565217391304348,,37.391304347826086,87.82608695652175,75.65217391304347,,,43.47826086956522,64.34782608695652,62.60869565217392,93.04347826086956,80.0,48.69565217391305,,,,,,,,,,,,20.0,20000000.0,20.0,bargain,adrien truffert
https://fbref.com/en/players/63f04c6c/Alfonso-Pedraza,Alfonso Pedraza,Villarreal,full_back,24.0,3,4599.0,52.517503805175046,1.2328767123287672,1.7221135029354206,2.093933463796477,3.522504892367906,1.859099804305284,76.34124809741249,2.759295499021526,0.0,1.076320939334638,0.6262230919765166,1.6046966731898238,6.784396415392725,4.735812133072407,6.8101761252446185,0.6066536203522505,1.8265682656826567,1.076320939334638,0.1746879756468797,2.233774733637748,0.086544901065449,1.3111545988258315,2.158671586715867,0.0958751902587519,0.3923439878234399,3.796477495107632,57.23478260869565,37.0,11,56.52173913043478,,75.65217391304347,,52.17391304347826,61.73913043478261,33.91304347826087,,,42.60869565217392,82.6086956521739,3.4782608695652173,85.21739130434783,96.52173913043478,20.0,,,,,,,,,,,,26.0,22000000.0,22.0,bargain,alfonso pedraza
https://fbref.com/en/players/2389cdc2/Matty-Cash,Matty Cash,Aston Villa,full_back,23.0,3,6597.0,45.91869031377899,1.21418826739427,2.0736698499317874,2.987721691678036,4.6521145975443385,2.3738062755798093,72.33927542822495,2.442019099590723,0.0272851296043656,1.3506139154160983,0.4774897680763983,2.319236016371078,3.678900678378848,2.0736698499317874,7.530695770804912,0.9140518417462484,0.6731605496608105,0.723055934515689,0.0776671214188267,1.4089616492345003,0.0522373806275579,0.4911323328785812,1.2680466168029223,0.0563089283007427,0.1414506593906321,1.882673942701228,56.40869565217392,40.0,11,37.391304347826086,,94.78260869565216,,90.43478260869566,93.91304347826087,18.26086956521739,,,70.43478260869566,56.52173913043478,24.347826086956523,26.08695652173913,45.21739130434783,36.52173913043478,,,,,,,,,,,,25.0,28000000.0,28.0,bargain,matty cash
https://fbref.com/en/players/41c12f75/Mathias-Olivera,Mathías Olivera,Getafe,full_back,23.0,3,5663.0,50.2601094826064,3.2738831008299485,1.7164047324739538,3.11495673671199,4.30690446759668,2.19318382482783,71.99932897757373,3.210312555182765,0.0158926364117958,1.6051562775913826,0.3655306374713049,2.2567543704750133,4.31973417020491,1.5415857319441992,9.281299664488786,0.9853434575313438,1.1962340779028982,0.8582023662369769,0.0790305491788804,1.9068620872329156,0.0777573724174465,0.603920183648243,1.6946649436957726,0.0309217729118841,0.064345753134381,2.19318382482783,56.3391304347826,41.0,11,49.56521739130435,,74.78260869565217,,85.21739130434783,86.08695652173914,15.65217391304348,,,89.56521739130436,33.91304347826087,21.73913043478261,39.130434782608695,23.47826086956522,87.82608695652175,,,,,,,,,,,,25.0,20000000.0,20.0,bargain,mathias olivera
https://fbref.com/en/players/b3af9be1/Takehiro-Tomiyasu,Takehiro Tomiyasu,Bologna,full_back,21.0,3,4804.0,58.90553705245628,3.1661115736885925,1.817235636969192,3.840549542048293,3.540799333888426,1.854704412989176,82.72223147377186,3.8030807660283097,0.0187343880099916,1.030391340549542,0.3184845961698584,4.290174854288093,4.05553026854802,0.917985012489592,9.348459616985846,0.4870940882597835,0.839781520254893,0.3934221482098251,0.0283284762697751,1.1196794338051623,0.0543942547876769,0.4870940882597835,1.35184342284934,0.039560782681099,0.1351457119067443,0.8992506244796002,55.3304347826087,43.0,11,83.47826086956522,,81.73913043478261,,53.91304347826087,60.86956521739131,77.39130434782608,,,33.04347826086956,24.347826086956523,89.56521739130436,31.30434782608696,7.82608695652174,90.43478260869566,,,,,,,,,,,,23.0,35000000.0,35.0,mid,takehiro tomiyasu
https://fbref.com/en/players/5db04597/Pablo-Maffeo,Pablo Maffeo,Mallorca,full_back,24.0,3,5926.0,52.98214647316909,1.792102598717516,1.7161660479244008,2.1414107323658453,3.720890988862639,1.943975700303746,68.9349983125211,2.3236584542693213,0.0,1.3972325345933174,0.6682416469794127,1.5642929463381707,4.491749847219393,2.2477219034762066,7.381032737090786,0.5315558555518056,0.916683642289672,0.7593655079311508,0.0915406682416469,1.8922848464394195,0.049878501518731,1.1846101923725951,1.5216948462008557,0.0469254134323321,0.275558555518056,1.4731690853864323,54.31304347826087,47.0,11,58.26086956521739,,73.91304347826086,,62.60869565217392,66.08695652173913,4.3478260869565215,,,75.65217391304347,86.08695652173914,2.608695652173913,44.34782608695652,51.30434782608696,30.434782608695656,,,,,,,,,,,,25.0,10000000.0,10.0,bargain,pablo maffeo
https://fbref.com/en/players/ff800ed8/Pol-Lirola,Pol Lirola,Marseille,full_back,23.0,3,3704.0,60.54597732181425,0.9719222462203024,1.530777537796976,1.5064794816414686,3.1101511879049677,1.3363930885529156,78.7558585313175,2.9157667386609067,0.0,0.8504319654427646,0.6074514038876889,2.5026997840172784,6.933493830875714,4.640928725701944,6.584773218142548,0.5831533477321814,1.4083659343966295,1.1663066954643628,0.1463930885529157,2.2854373650107997,0.0717710583153347,1.6279697624190064,1.7604574179957868,0.0742062634989201,0.1668493520518358,2.9400647948164145,53.56521739130436,49.0,11,88.69565217391305,,60.0,,26.08695652173913,15.65217391304348,53.91304347826087,,,20.0,78.26086956521739,38.26086956521739,87.82608695652175,95.65217391304348,13.91304347826087,,,,,,,,,,,,25.0,13000000.0,13.0,bargain,pol lirola
https://fbref.com/en/players/5cbd1eb0/Tyrick-Mitchell,Tyrick Mitchell,Crystal Palace,full_back,21.0,3,5639.0,45.79499911331797,0.8458946621741443,1.8673523674410355,2.71324702961518,4.899804929952119,2.2184784536265294,72.1987054442277,3.463380031920553,0.0319205532895903,1.452385174676361,0.3830466394750842,2.8409292427735413,2.338391186863438,1.2129810250044333,7.820535555949636,0.5586096825678312,0.8044065682810226,0.4149671927646746,0.0393385352012768,0.9408281610214576,0.017629012236212,0.542649405923036,0.9353564747453752,0.0151622628125554,0.1486274162085476,0.718212449015783,53.09565217391305,50.0,11,36.52173913043478,,84.34782608695653,,93.91304347826087,88.69565217391305,16.52173913043478,,,80.8695652173913,39.130434782608695,53.04347826086957,3.4782608695652173,13.91304347826087,47.82608695652174,,,,,,,,,,,,23.0,28000000.0,28.0,bargain,tyrick mitchell
https://fbref.com/en/players/24eb7ed6/Junior-Sambia,Junior Sambia,Montpellier,full_back,23.0,3,4035.0,46.20490706319703,1.338289962825279,1.427509293680297,1.940520446096654,3.078066914498141,2.0520446096654275,78.31732342007436,4.282527881040892,0.0223048327137546,0.9591078066914498,0.6691449814126393,3.011152416356877,5.900527505651846,3.0557620817843865,6.401486988847584,0.6022304832713754,1.175584024114544,0.7806691449814126,0.0796654275092936,2.076825278810409,0.0660594795539033,1.516728624535316,2.192916352675207,0.0470631970260222,0.3595985130111524,1.2936802973977697,51.7304347826087,53.0,11,40.0,,48.69565217391305,,23.47826086956522,78.26086956521739,49.56521739130435,,,25.217391304347824,86.95652173913044,60.86956521739131,69.56521739130434,75.65217391304347,8.695652173913043,,,,,,,,,,,,26.0,6500000.0,6.5,bargain,junior sambia
https://fbref.com/en/players/9daeac61/Souleyman-Doumbia,Souleyman Doumbia,Angers,full_back,23.0,3,5336.0,54.39121064467766,0.944527736131934,1.8553223388305848,1.9059220389805096,3.710644677661169,1.9733883058470765,82.00579085457272,2.496251874062968,0.0337331334332833,1.1975262368815591,0.3541979010494752,1.669790104947526,5.1474893042107634,2.344452773613193,6.611694152923538,0.6915292353823088,1.4185994145462737,0.6409295352323838,0.0783283358320839,1.281137556221889,0.035835832083958,1.5348575712143928,1.6617878856113488,0.0,0.0665817091454272,1.146926536731634,51.71304347826087,54.0,11,64.34782608695652,,83.47826086956522,,61.73913043478261,68.69565217391305,72.17391304347827,,,54.78260869565217,32.17391304347826,5.217391304347826,60.0,57.391304347826086,15.65217391304348,,,,,,,,,,,,26.0,3000000.0,3.0,bargain,souleyman doumbia
https://fbref.com/en/players/6b2c894b/Ghislain-Konan,Ghislain Konan,Reims,full_back,24.0,2,5031.0,46.07131782945736,0.7513416815742398,1.699463327370304,2.23613595706619,3.5778175313059037,1.8962432915921288,77.66589147286821,4.257602862254025,0.0,1.0554561717352415,0.5008944543828265,2.21824686940966,6.118067978533095,1.7710196779964222,8.085867620751342,0.7155635062611807,1.2164579606440071,0.8944543828264758,0.0832558139534883,1.6626356589147289,0.0244186046511627,1.6815742397137747,2.415026833631485,0.0555813953488372,0.1976744186046511,0.8228980322003578,51.69565217391304,55.0,11,39.130434782608695,,73.04347826086956,,55.65217391304348,64.34782608695652,46.08695652173913,,,37.391304347826086,61.73913043478261,20.0,73.91304347826086,33.04347826086956,59.130434782608695,,,,,,,,,,,,25.0,8000000.0,8.0,bargain,ghislain konan
https://fbref.com/en/players/442b56fa/Ridle-Baku,Ridle Baku,Wolfsburg,full_back,22.0,3,6134.0,35.123606129768504,0.8069775024453865,1.423214867949136,1.613955004890773,3.492011737854581,2.318226279752201,76.5341049885882,4.15226605803717,0.0293446364525595,1.0123899576133029,0.5135311379197913,2.641017280730356,5.339578454332553,4.7391587870883605,7.7176393870231506,0.7923051842191067,1.6510538641686183,1.3791979132702967,0.1477176393870231,2.751046625366808,0.0958167590479295,1.0270622758395829,1.3700234192037473,0.1459993478969677,0.370717313335507,2.5089664166938377,51.07826086956521,61.0,11,10.434782608695652,,46.08695652173913,,49.56521739130435,92.17391304347828,35.65217391304348,,,30.434782608695656,63.47826086956522,42.60869565217392,62.60869565217392,97.3913043478261,40.869565217391305,,,,,,,,,,,,24.0,25000000.0,25.0,bargain,ridle baku
https://fbref.com/en/players/984a5a64/Kyle-Walker-Peters,Kyle Walker-Peters,Southampton,full_back,23.0,3,6230.0,40.431123595505625,0.8956661316211877,1.5313001605136436,1.9357945425361156,3.987158908507223,1.9935794542536116,78.35189406099519,3.4526484751203848,0.0288924558587479,1.2134831460674156,0.1300160513643659,2.109149277688603,7.2129594543387645,2.426966292134831,8.378812199036917,0.8378812199036917,0.9037514209928004,0.6789727126805778,0.0714703049759229,1.7792295345104334,0.0530369181380417,1.6613162118780094,2.2849564228874573,0.0264317817014446,0.2450385232744783,2.513643659711075,50.60869565217392,64.0,11,23.47826086956522,,60.86956521739131,,73.04347826086956,71.30434782608695,51.30434782608696,,,55.65217391304348,5.217391304347826,14.782608695652174,91.30434782608695,60.0,65.21739130434783,,,,,,,,,,,,25.0,25000000.0,25.0,bargain,kyle walker-peters
https://fbref.com/en/players/9b398aea/Rayan-Ait-Nouri,Rayan Aït Nouri,Wolves,full_back,20.0,3,3881.0,45.523112599845405,0.9507858799278536,1.2986343725843856,1.878381860345272,4.197371811388818,1.4377737696469983,79.52916774027312,2.7827879412522547,0.0231898995104354,1.6001030662200464,0.4406080906982736,1.8551919608348364,6.014851485148514,2.829167740273125,6.678691059005411,0.6956969853130637,1.4758663366336633,0.8348363823756764,0.0675083741303787,2.087920639010564,0.04,2.0870909559391917,1.4758663366336633,0.0452563772223653,0.1883329038907498,2.226230353001804,50.32173913043479,65.0,11,35.65217391304348,,32.17391304347826,,79.13043478260869,21.73913043478261,60.0,,,88.69565217391305,50.43478260869565,8.695652173913043,70.43478260869566,69.56521739130434,17.391304347826086,,,,,,,,,,,,21.0,,,unknown,rayan ait nouri
https://fbref.com/en/players/64ba07c0/Ronael-Pierre-Gabriel,Ronaël Pierre-Gabriel,Brest,full_back,23.0,3,5364.0,49.065510812826254,0.8053691275167785,1.4261744966442953,2.600671140939597,4.24496644295302,1.4093959731543624,82.96159582401194,4.110738255033557,0.0,1.74496644295302,0.2348993288590604,3.48993288590604,4.209767154337524,1.5100671140939597,6.895973154362416,0.87248322147651,0.611992581908098,0.5201342281879194,0.0571215510812826,1.5269910514541387,0.0209526472781506,1.4093959731543624,1.223985163816196,0.0171886651752423,0.0865082028337062,0.87248322147651,49.64347826086957,66.0,11,46.08695652173913,,47.82608695652174,,83.47826086956522,17.391304347826086,79.13043478260869,,,92.17391304347828,11.304347826086955,73.91304347826086,37.391304347826086,21.73913043478261,22.608695652173918,,,,,,,,,,,,24.0,6000000.0,6.0,bargain,ronael pierre-gabriel
https://fbref.com/en/players/e42d61c7/Achraf-Hakimi,Achraf Hakimi,Inter,full_back,21.0,3,6040.0,35.07139072847682,0.3874172185430463,1.0877483443708609,0.8195364238410595,3.4271523178807946,1.2516556291390728,86.37384105960264,3.769867549668874,0.0149006622516556,1.3261589403973508,0.5811258278145696,2.01158940397351,6.87597200622084,5.066225165562914,5.170529801324503,0.7450331125827814,1.2597200622083982,1.206953642384106,0.1876490066225165,2.2630695364238407,0.139478476821192,1.0579470198675496,1.6096423017107309,0.1971274834437086,0.4326754966887417,3.948675496688741,46.8695652173913,73.0,11,9.565217391304348,,11.304347826086955,,44.34782608695652,8.695652173913043,93.04347826086956,,,68.69565217391305,74.78260869565217,13.043478260869565,86.95652173913044,98.2608695652174,0.8695652173913043,,,,,,,,,,,,23.0,80000000.0,80.0,marquee,achraf hakimi
https://fbref.com/en/players/054849d2/Iago,Iago,Augsburg,full_back,24.0,3,4557.0,42.932411674347165,1.184990125082291,1.402238314680711,2.9229756418696518,3.456221198156682,2.132982225148124,69.22563089752029,3.140223831468071,0.0,1.2244897959183674,0.6122448979591837,1.8959842001316656,4.073379753615426,2.2317314022383146,8.117182356813693,0.6714944042132982,0.9882163899303696,1.0269914417379855,0.1017774851876234,2.015795479482115,0.0450405968839148,0.533245556287031,1.3979646491697912,0.0587052885670397,0.2958766732499451,1.5602369980250164,46.1391304347826,74.0,11,28.695652173913043,,41.73913043478261,,46.95652173913044,83.47826086956522,6.086956521739131,,,58.26086956521739,79.13043478260869,9.565217391304348,32.17391304347826,49.56521739130435,60.0,,,,,,,,,,,,25.0,6500000.0,6.5,bargain,iago
https://fbref.com/en/players/af0d79a9/Borna-Sosa,Borna Sosa,Stuttgart,full_back,23.0,3,5237.0,53.35153713958373,0.9108268092419324,1.099866335688371,2.3887721978231813,2.182547259881612,1.6841703265228185,71.89751766278404,5.241550506014894,0.0,0.5499331678441856,1.1686079816688943,3.0246324231430206,7.374449339207048,3.488638533511552,7.063204124498759,0.343708229902616,0.9911894273127754,2.302845140347527,0.2654172236012984,3.532738208898224,0.0408707275157532,1.2373496276494176,2.1806167400881056,0.0190796257399274,0.4356769142638915,1.632614092037426,45.9304347826087,75.0,11,59.130434782608695,,13.91304347826087,,4.3478260869565215,37.391304347826086,14.782608695652174,,,1.7391304347826086,99.1304347826087,61.73913043478261,93.91304347826087,83.47826086956522,25.217391304347824,,,,,,,,,,,,24.0,23000000.0,23.0,bargain,borna sosa
https://fbref.com/en/players/197640fd/Timothy-Castagne,Timothy Castagne,Leicester City,full_back,24.0,3,5483.0,52.29325186941455,1.6578515411271202,1.1654203902972824,2.593470727703812,3.5126755425861758,1.9533102316250228,82.67260623746125,3.167973737005289,0.0492431150829837,1.214663505380266,0.2790443188035746,2.8889294182017142,4.145796064400716,2.5113988692321723,7.4192960058362205,0.853547328105052,1.0062611806797852,0.7058179828561006,0.0840853547328105,1.4071913186211928,0.051063286521977,0.5088455225241656,1.2477638640429338,0.0663268283786248,0.1037169432792266,1.3295641072405615,44.84347826086957,77.0,11,53.91304347826087,,20.869565217391305,,51.30434782608696,66.95652173913044,76.52173913043478,,,56.52173913043478,16.52173913043478,55.65217391304348,33.91304347826087,63.47826086956522,32.17391304347826,,,,,,,,,,,,26.0,28000000.0,28.0,bargain,timothy castagne
https://fbref.com/en/players/30af8b93/Caio-Henrique-Oliveira-Silva,Caio Henrique Oliveira Silva,Monaco,full_back,24.0,3,5935.0,30.183049705139005,0.5004212299915755,1.349620893007582,1.5467565290648695,3.2603201347935973,1.4254422914911542,76.96239258635215,4.6402695871946085,0.0606571187868576,1.0614995787700086,0.3791069924178601,2.68407750631845,7.174950298210736,3.836562763268745,7.809604043807919,0.7733782645324347,1.1451292246520874,1.4102780117944398,0.1856158382476832,2.630992417860152,0.0304953664700926,0.5459140690817186,2.343936381709742,0.0466453243470935,0.4453007582139848,1.9106992417860151,43.89565217391304,78.0,11,2.608695652173913,,35.65217391304348,,32.17391304347826,19.130434782608692,40.869565217391305,,,39.130434782608695,38.26086956521739,44.34782608695652,89.56521739130436,88.69565217391305,46.08695652173913,,,,,,,,,,,,25.0,,,unknown,caio henrique oliveira silva
https://fbref.com/en/players/4d1666ff/Jules-Kounde,Jules Koundé,Sevilla,full_back,21.0,3,6283.0,65.37937291102976,3.094063345535572,1.4324367340442463,3.6956867738341552,2.4924399172369887,1.2462199586184943,90.30292853732291,3.9248766512812345,0.0572974693617698,0.6875696323412382,0.0859462040426547,4.870284895750437,4.995622482927684,0.7878402037243354,9.625974852777334,0.3867579181919465,0.6461215198739275,0.4010822855323889,0.0706939360178258,1.0868359064141333,0.0574661785771128,0.7878402037243354,1.3710383470495535,0.0588922489256724,0.1222584752506764,1.6043291421295558,43.61739130434783,80.0,11,97.3913043478261,,49.56521739130435,,10.434782608695652,6.086956521739131,98.2608695652174,,,8.695652173913043,2.608695652173913,93.91304347826087,58.26086956521739,4.3478260869565215,94.78260869565216,,,,,,,,,,,,23.0,60000000.0,60.0,mid,jules kounde
https://fbref.com/en/players/355c883a/Martin-Agirregabiria,Martin Agirregabiria,Alavés,full_back,25.0,2,3174.0,48.75979836168872,1.67296786389414,1.6446124763705103,2.608695652173913,3.799621928166352,1.6446124763705103,71.44908632640202,2.835538752362949,0.0283553875236294,1.1058601134215502,0.5387523629489603,2.551984877126654,2.268431001890359,1.077504725897921,7.854442344045369,0.6238185255198488,0.5103969754253308,0.7372400756143668,0.04,1.3910964083175803,0.01,0.5103969754253308,0.7372400756143668,0.0,0.1394517958412098,0.5387523629489603,42.91304347826086,81.0,11,45.21739130434783,,65.21739130434783,,66.95652173913044,32.17391304347826,13.043478260869565,,,45.21739130434783,66.08695652173913,40.0,2.608695652173913,13.043478260869565,50.43478260869565,,,,,,,,,,,,25.0,,,unknown,martin agirregabiria
https://fbref.com/en/players/10e7f486/Rogerio,Rogério,Sassuolo,full_back,22.0,3,4596.0,44.954590948651,0.7049608355091384,1.3903394255874673,2.0561357702349867,2.5261096605744124,1.7036553524804177,83.28822889469104,2.9569190600522197,0.0391644908616187,0.6657963446475196,0.6070496083550914,2.7806788511749345,6.239600665557404,1.899477806788512,6.579634464751958,0.2937336814621409,0.8485856905158069,0.8616187989556136,0.0812859007832898,1.8981353350739771,0.0256919060052219,0.7049608355091384,2.096505823627288,0.0,0.1011205395996518,1.2532637075718014,41.84347826086956,82.0,11,33.04347826086956,,40.869565217391305,,11.304347826086955,40.869565217391305,80.8695652173913,,,6.086956521739131,77.39130434782608,51.30434782608696,74.78260869565217,39.130434782608695,13.043478260869565,,,,,,,,,,,,24.0,10000000.0,10.0,bargain,rogerio
https://fbref.com/en/players/5976f83e/Sergino-Dest,Sergiño Dest,Barcelona,full_back,19.0,3,3575.0,39.63068531468532,0.4531468531468531,0.8811188811188811,0.9566433566433566,2.6685314685314685,1.7370629370629371,88.84665734265734,3.3482517482517484,0.0,1.1076923076923078,0.2517482517482518,2.769230769230769,8.076585793627594,4.179020979020979,6.595804195804196,0.4027972027972028,1.5521777258111662,1.0825174825174826,0.1425286713286713,2.1166797202797203,0.0774153846153846,1.6615384615384616,1.9204910844782224,0.0480587412587412,0.102827972027972,3.574825174825175,41.65217391304348,85.0,11,20.869565217391305,,5.217391304347826,,16.52173913043478,45.21739130434783,96.52173913043478,,,46.08695652173913,13.91304347826087,50.43478260869565,96.52173913043478,90.43478260869566,14.782608695652174,,,,,,,,,,,,21.0,30000000.0,30.0,mid,sergino dest
https://fbref.com/en/players/6dfd8f05/Romain-Perraud,Romain Perraud,Brest,full_back,22.0,3,5434.0,32.25515274199485,0.7121825542878174,1.159366948840633,2.4346705925653294,3.3290393816709605,1.772175193227825,74.35660655134338,3.2462274567537723,0.0165623849834376,1.242178873757821,0.6128082443871917,2.202797202797203,4.723913499895024,2.335296282664704,7.386823702613176,0.728744939271255,0.8314087759815242,0.9109311740890688,0.091440927493559,2.0238240706661763,0.0643485461906514,0.7121825542878174,1.96514801595633,0.0680585204269414,0.3374788369525212,1.4906146485093852,41.18260869565218,86.0,11,3.4782608695652173,,20.0,,38.26086956521739,50.43478260869565,22.608695652173918,,,61.73913043478261,80.8695652173913,19.130434782608692,47.82608695652174,56.52173913043478,31.30434782608696,,,,,,,,,,,,25.0,12000000.0,12.0,bargain,romain perraud
https://fbref.com/en/players/1295552e/Mert-Muldur,Mert Müldür,Sassuolo,full_back,22.0,3,3724.0,36.99704142011834,0.7250268528464017,1.3292158968850698,2.440923737916219,3.3834586466165413,1.7883995703544575,80.48179377013966,3.9634801288936634,0.0241675617615467,1.1600429645542427,0.2658431793770139,3.1176154672395278,4.792899408284024,2.150912996777658,6.791084854994629,0.3625134264232008,0.7988165680473372,0.4833512352309344,0.0464339419978517,1.2769924812030076,0.0344414607948442,1.1600429645542427,1.839698762775686,0.0,0.1213426423200859,1.6192266380236304,40.7304347826087,88.0,11,14.782608695652174,,33.04347826086956,,41.73913043478261,55.65217391304348,65.21739130434783,,,51.30434782608696,15.65217391304348,66.08695652173913,51.30434782608696,46.95652173913044,18.26086956521739,,,,,,,,,,,,23.0,10000000.0,10.0,bargain,mert muldur
https://fbref.com/en/players/90eb507d/Thomas-Foket,Thomas Foket,Reims,full_back,25.0,2,5559.0,38.45056664867781,0.712358337830545,1.651376146788991,2.088505126821371,3.4970318402590395,1.6837560712358337,79.25774419859687,2.930383162439288,0.0161899622234214,1.0199676200755532,0.4695089044792229,1.8294657312466271,3.9665407447382623,2.73610361575823,6.913113869400972,0.5666486778197518,0.809498111171074,0.7933081489476524,0.046082029141932,1.2481435509983811,0.018041014570966,0.5990286022665947,1.6675661090124123,0.016082029141932,0.081856449001619,1.0037776578521318,40.26086956521738,91.0,11,17.391304347826086,,66.08695652173913,,50.43478260869565,36.52173913043478,58.26086956521739,,,31.30434782608696,53.91304347826087,6.956521739130435,28.695652173913043,66.95652173913044,23.47826086956522,,,,,,,,,,,,26.0,7000000.0,7.0,bargain,thomas foket
https://fbref.com/en/players/35e413f1/Ben-White,Ben White,Brighton,full_back,22.0,3,7041.0,56.26588552762392,1.6744780570941626,1.521090754154239,2.6970600766936514,3.0933106092884533,1.84064763527908,84.1808265871325,3.195568811248402,0.0255645504899872,0.8691947166595654,0.063911376224968,3.783553472518108,3.0835117773019274,0.4218150830847891,8.167873881550916,0.6007669365146996,0.2964915170482622,0.3195568811248402,0.0450688822610424,0.9323008095440988,0.0181806561567959,0.4218150830847891,0.8301762477351343,0.0,0.1325635563130237,0.7669365146996165,39.40869565217391,92.0,11,69.56521739130434,,59.130434782608695,,25.217391304347824,59.130434782608695,83.47826086956522,,,21.73913043478261,0.8695652173913043,81.73913043478261,12.173913043478262,1.7391304347826086,60.86956521739131,,,,,,,,,,,,25.0,55000000.0,55.0,mid,ben white
https://fbref.com/en/players/30941e96/Angelino,Angeliño,RB Leipzig,full_back,24.0,3,5363.0,40.2174156255827,0.7048293865373858,1.2250606004102182,1.8459817266455345,2.6347193734849896,1.594256945739325,70.84022002610479,4.061159798620175,0.0167816520604139,0.6880477344769719,1.1914972962893902,2.7186276337870594,3.976227853778874,4.547827708372179,7.350363602461309,0.7383926906582137,0.9284592958062344,2.1144881596121574,0.2241711728510162,3.442686928957673,0.0923829945925787,0.5873578221144882,0.9284592958062344,0.1027801603580085,0.3049319410777549,2.9367891105724406,39.32173913043479,93.0,11,22.608695652173918,,26.08695652173913,,15.65217391304348,30.434782608695656,10.434782608695652,,,9.565217391304348,100.0,47.82608695652174,29.565217391304348,93.91304347826087,29.565217391304348,,,,,,,,,,,,25.0,35000000.0,35.0,mid,angelino
https://fbref.com/en/players/fce2302c/Kieran-Tierney,Kieran Tierney,Arsenal,full_back,23.0,3,4555.0,33.65670691547749,0.6915477497255762,1.106476399560922,2.6278814489571896,2.193194291986828,1.7585071350164654,76.7557628979144,3.8133918770581774,0.0,0.6125137211855104,0.6125137211855104,2.96377607025247,5.574276222116754,3.0428100987925357,7.804610318331504,0.4346871569703622,0.7688656858092074,1.1262349066959385,0.1107442371020856,2.042746432491767,0.0321514818880351,0.6520307354555434,1.8794494542002849,0.0412096597145993,0.2363073545554336,1.9758507135016463,39.252173913043485,94.0,11,6.956521739130435,,14.782608695652174,,5.217391304347826,49.56521739130435,36.52173913043478,,,3.4782608695652173,80.0,59.130434782608695,65.21739130434783,74.78260869565217,45.21739130434783,,,,,,,,,,,,25.0,32000000.0,32.0,mid,kieran tierney
https://fbref.com/en/players/23610943/Nahuel-Molina,Nahuel Molina,Udinese,full_back,23.0,3,5271.0,39.307816353633086,0.529311326124075,1.1781445645987478,1.6733067729083664,2.7148548662492886,1.7757541263517358,73.30003794346423,3.5685828116107,0.0853727945361411,0.9391007398975526,0.6317586795674445,1.9977233921457027,4.514106583072101,3.0221969265793964,6.676152532726237,0.4780876494023904,0.9471562919838782,1.1439954467842914,0.122786947448302,2.3839575033200533,0.0973970783532536,0.8878770631758679,1.4106583072100314,0.1547941567065073,0.3629083665338645,1.792828685258964,36.04347826086956,100.0,11,20.0,,24.347826086956523,,17.391304347826086,51.30434782608696,19.130434782608692,,,24.347826086956523,83.47826086956522,12.173913043478262,45.21739130434783,73.91304347826086,16.52173913043478,,,,,,,,,,,,24.0,50000000.0,50.0,mid,nahuel molina
https://fbref.com/en/players/fc4cf6a7/Jordan-Lotomba,Jordan Lotomba,Nice,full_back,21.0,3,4661.0,49.896889079596654,0.9268397339626688,0.9461488950868912,1.930916112422227,2.54880926839734,1.5447328899377817,81.89688907959666,3.3404848744904525,0.0193091611242222,0.791675606093113,0.3861832224844453,2.7419008796395623,5.715749039692702,2.0274619180433384,6.854752199098906,0.4634198669813344,0.9910371318822024,0.6951298004720017,0.0592683973396266,1.562387899592362,0.0317807337481227,1.0426947007080023,2.005121638924456,0.0182192662518772,0.1724629907745119,1.293713795322892,34.83478260869565,103.0,11,48.69565217391305,,6.956521739130435,,13.043478260869565,27.82608695652174,71.30434782608695,,,16.52173913043478,40.869565217391305,49.56521739130435,67.82608695652173,43.47826086956522,20.869565217391305,,,,,,,,,,,,24.0,8000000.0,8.0,bargain,jordan lotomba
https://fbref.com/en/players/6f5f82c0/Andoni-Gorosabel,Andoni Gorosabel,Real Sociedad,full_back,23.0,3,5339.0,39.061790597490166,0.9608540925266904,0.9608540925266904,1.9722794530811012,3.2197040644315416,1.24742461135044,82.41342948117627,3.489417493912718,0.0,1.1631391646375726,0.3034276081663233,2.7982768308672035,4.335260115606936,2.2925641505899983,7.501404757445214,0.6237123056752201,0.9248554913294798,0.8428544671286757,0.1023187862895673,1.8456433789099085,0.03,0.522569769619779,1.560693641618497,0.0,0.1712118374227383,1.3148529687207342,34.54782608695652,104.0,11,19.130434782608692,,7.82608695652174,,31.30434782608696,6.956521739130435,73.91304347826086,,,52.17391304347826,21.73913043478261,52.17391304347826,40.0,53.91304347826087,34.78260869565217,,,,,,,,,,,,26.0,10000000.0,10.0,bargain,andoni gorosabel
https://fbref.com/en/players/2f3e911a/Aaron-Martin,Aarón Martín,Mainz 05,full_back,24.0,3,4842.0,30.1696819496076,0.6319702602230484,1.1152416356877324,1.9702602230483277,3.1784386617100373,1.3197026022304834,74.81577860388269,2.9182156133829,0.0,1.0594795539033457,0.5762081784386618,2.434944237918216,3.288100208768268,1.654275092936803,6.040892193308551,0.7434944237918216,0.5871607515657621,1.2453531598513012,0.1429863692688971,1.95966955803387,0.0408880627839735,0.9479553903345724,1.1273486430062631,0.0752540272614622,0.1557703428335398,0.929368029739777,28.13043478260869,110.0,11,1.7391304347826086,,15.65217391304348,,29.565217391304348,13.043478260869565,25.217391304347824,,,38.26086956521739,73.91304347826086,33.91304347826087,17.391304347826086,26.956521739130437,5.217391304347826,,,,,,,,,,,,25.0,20000000.0,20.0,bargain,aaron martin
https://fbref.com/en/players/8d47bb39/Carlos-Neva,Carlos Neva,Granada,full_back,25.0,2,3905.0,29.579615877080663,0.7144686299615878,1.912932138284251,2.6274007682458387,3.019206145966709,2.8117797695262485,71.68583866837388,1.5211267605633805,0.0230473751600512,0.6683738796414853,0.4148527528809219,1.4289372599231756,2.1664532650448143,1.4058898847631245,6.43021766965429,0.4148527528809219,0.530089628681178,0.3918053777208707,0.0315928297055057,0.9659282970550576,0.03,0.3687580025608195,0.6453265044814341,0.0,0.0946017925736235,0.5070422535211268,27.869565217391305,111.0,11,0.8695652173913043,,86.08695652173914,,20.869565217391305,98.2608695652174,13.91304347826087,,,6.956521739130435,45.21739130434783,0.8695652173913043,1.7391304347826086,20.0,9.565217391304348,,,,,,,,,,,,25.0,5000000.0,5.0,bargain,carlos neva
https://fbref.com/en/players/bf075f6b/Roland-Sallai,Roland Sallai,Freiburg,full_back,23.0,3,3530.0,40.654730878186975,1.9886685552407928,0.7393767705382437,0.6883852691218131,2.090651558073654,0.9943342776203966,68.99164305949009,2.54957507082153,0.0,0.8413597733711048,0.5864022662889519,1.708215297450425,4.7914072229140725,7.189801699716714,5.53257790368272,0.6373937677053825,2.101494396014944,1.019830028328612,0.133314447592068,2.420501416430595,0.3325580736543909,0.9688385269121812,1.8212951432129516,0.2798611898016997,0.4590396600566572,4.053824362606233,27.721739130434784,112.0,11,25.217391304347824,,0.8695652173913043,,0.8695652173913043,1.7391304347826086,5.217391304347826,,,19.130434782608692,75.65217391304347,6.086956521739131,50.43478260869565,100.0,1.7391304347826086,,,,,,,,,,,,25.0,16000000.0,16.0,bargain,roland sallai
https://fbref.com/en/players/1f44ac21/Erling-Haaland,Erling Haaland,Dortmund,striker,20.0,3,5238.0,49.36895761741122,1.6151202749140892,0.1718213058419244,0.8247422680412371,0.3436426116838488,0.6185567010309279,73.03650248186331,1.4261168384879723,0.0,0.1546391752577319,0.0,0.6529209621993127,2.918017600741084,8.02405498281787,2.989690721649485,0.0859106529209622,2.230199166280685,0.9965635738831614,0.1987762504772814,2.4571458571974034,0.7304066437571592,0.7388316151202748,0.9170912459471978,0.9591752577319588,0.6201336387934326,7.439862542955326,83.72727272727276,4.0,9,80.51948051948052,40.25974025974026,,,,,,,,,,,,68.83116883116884,,,,,83.11688311688312,51.94805194805194,98.7012987012987,,,98.7012987012987,97.4025974025974,94.8051948051948,22.0,200000000.0,200.0,marquee,erling haaland
https://fbref.com/en/players/7c56da38/Christopher-Nkunku,Christopher Nkunku,RB Leipzig,striker,23.0,3,5630.0,46.06209591474245,1.2468916518650088,0.6394316163410302,0.6234458259325044,1.4547069271758435,1.039076376554174,79.25495559502664,3.4049733570159857,0.0,0.4955595026642984,0.2397868561278863,1.822380106571936,5.8894907908992415,9.991119005328596,5.1154529307282415,0.3037300177619893,2.808234019501625,2.5097690941385435,0.3057460035523979,4.967619893428063,0.4484529307282416,1.6785079928952042,1.8526543878656556,0.5139378330373002,0.7394600355239789,6.426287744227353,81.54545454545456,5.0,9,71.42857142857143,31.16883116883117,,,,,,,,,,,,96.1038961038961,,,,,98.7012987012987,100.0,76.62337662337663,,,87.01298701298701,98.7012987012987,81.81818181818183,24.0,80000000.0,80.0,marquee,christopher nkunku
https://fbref.com/en/players/3effaa34/Andre-Silva,André Silva,Eint Frankfurt,striker,24.0,3,5392.0,38.15756676557863,2.236646884272997,0.2169881305637982,0.4673590504451038,0.7177299703264095,0.6843471810089021,73.71847181008901,1.6858308605341246,0.0,0.283753709198813,0.1001483679525222,1.03486646884273,2.9590570719602978,9.84792284866469,4.323071216617211,0.2336795252225519,2.977667493796526,0.8846439169139466,0.1489688427299703,2.460111275964392,0.559799703264095,0.918026706231454,0.911910669975186,0.4993249258160238,0.5537759643916914,6.743323442136498,74.57142857142858,10.0,9,41.55844155844156,59.74025974025974,,,,,,,,,,,,94.8051948051948,,,,,58.44155844155844,53.24675324675325,89.6103896103896,,,84.4155844155844,85.71428571428571,88.31168831168831,26.0,45000000.0,45.0,mid,andre silva
https://fbref.com/en/players/f7036e1c/Lautaro-Martinez,Lautaro Martínez,Inter,striker,22.0,3,5824.0,38.61074862637363,1.1899038461538465,0.8190247252747253,0.3863324175824176,1.715315934065934,1.2208104395604396,73.6435782967033,1.838942307692308,0.0,0.6026785714285714,0.0772664835164835,1.097184065934066,2.843278959322734,7.9429945054945055,4.357829670329671,0.4326923076923077,2.583109642783399,1.1899038461538465,0.1731215659340659,2.892869162087912,0.5527627060439562,1.0044642857142858,0.8548420400578154,0.5887379807692308,0.5020947802197803,6.923076923076923,72.11688311688312,14.0,9,44.15584415584416,27.27272727272727,,,,,,,,,,,,62.33766233766234,,,,,75.32467532467533,68.83116883116884,88.31168831168831,,,90.9090909090909,76.62337662337663,89.6103896103896,25.0,110000000.0,110.0,marquee,lautaro martinez
https://fbref.com/en/players/5d4f7d61/Patrik-Schick,Patrik Schick,Leverkusen,striker,25.0,3,4800.0,45.288500000000006,3.15,0.15,0.91875,0.50625,0.4499999999999999,71.38362500000001,0.8999999999999999,0.0,0.1875,0.0,0.46875,1.6438356164383563,7.649999999999999,2.775,0.1875,2.785388127853881,0.825,0.1074874999999999,2.20535,0.5600625,0.88125,0.4109589041095891,0.6372,0.430825,5.56875,71.4805194805195,15.0,9,68.83116883116884,76.62337662337663,,,,,,,,,,,,54.54545454545454,,,,,32.467532467532465,42.85714285714285,90.9090909090909,,,93.5064935064935,70.12987012987013,67.53246753246754,26.0,50000000.0,50.0,mid,patrik schick
https://fbref.com/en/players/8c90fd7a/Victor-Osimhen,Victor Osimhen,Napoli,striker,22.0,3,4203.0,41.34006661908161,2.0985010706638114,0.4282655246252676,0.7066381156316917,1.2205567451820127,0.6852248394004282,70.86128955507971,0.5139186295503212,0.0,0.449678800856531,0.0428265524625267,0.3640256959314775,3.695163104611924,7.53747323340471,2.526766595289079,0.171306209850107,2.50562429696288,1.006423982869379,0.1087128241732096,2.9043754461099214,0.6301118248869854,0.8351177730192719,1.0883014623172105,0.6646014751368071,0.3441827266238401,6.573875802997859,71.15584415584416,16.0,9,53.24675324675325,57.14285714285714,,,,,,,,,,,,51.94805194805194,,,,,33.76623376623377,70.12987012987013,96.1038961038961,,,94.8051948051948,54.54545454545454,85.71428571428571,23.0,120000000.0,120.0,marquee,victor osimhen
https://fbref.com/en/players/b66315ae/Gabriel-Jesus,Gabriel Jesus,Manchester City,striker,23.0,3,4979.0,27.352520586463147,0.95802369953806,0.723036754368347,0.2892147017473388,1.807591885920868,0.9760996183972686,83.63536854790118,1.843743723639285,0.0180759188592086,0.6507330789315123,0.1446073508736694,1.0664792126933118,6.053299492385786,8.983731673026712,4.7720425788310905,0.3253665394657561,2.32994923857868,1.4279975898774857,0.2049548102028519,3.485256075517172,0.4615203856196023,1.952199236794537,1.16497461928934,0.3794978911427997,0.5815183771841735,7.393050813416348,66.55844155844156,19.0,9,10.38961038961039,16.883116883116884,,,,,,,,,,,,85.71428571428571,,,,,85.71428571428571,89.6103896103896,79.22077922077922,,,54.54545454545454,92.2077922077922,93.5064935064935,25.0,80000000.0,80.0,marquee,gabriel jesus
https://fbref.com/en/players/79443529/Dusan-Vlahovic,Dušan Vlahović,Fiorentina,striker,20.0,3,5629.0,44.76773849706876,2.798010303783976,0.2718067152247291,0.4796589092201101,0.5755906910641322,0.6715224729081543,69.13506839580744,0.9593178184402202,0.015988630307337,0.175874933380707,0.063954521229348,0.7834428850595132,1.9769874476987448,8.17019008704921,3.2616805826967488,0.095931781844022,3.1820083682008367,0.7834428850595132,0.0859300053295434,2.031538461538461,0.4209504352460472,0.9113519275182091,0.8284518828451882,0.5101456741872448,0.3207603481968378,5.276248001421211,60.000000000000014,23.0,9,66.23376623376623,70.12987012987013,,,,,,,,,,,,74.02597402597402,,,,,16.883116883116884,31.16883116883117,68.83116883116884,,,85.71428571428571,48.05194805194805,50.64935064935064,22.0,85000000.0,85.0,marquee,dusan vlahovic
https://fbref.com/en/players/fed7cb61/Kai-Havertz,Kai Havertz,Chelsea,striker,22.0,3,4131.0,44.84260469619947,1.9389978213507624,0.3703703703703704,1.2200435729847494,1.5468409586056646,1.59041394335512,82.86748971193416,2.2004357298474946,0.0217864923747276,0.6318082788671024,0.0871459694989106,1.59041394335512,5.325923700811055,9.3681917211329,4.836601307189543,0.6535947712418301,2.919795734454792,0.8932461873638344,0.1028879206003389,2.547847978697652,0.3874243524570321,1.0893246187363834,1.865425052568339,0.3294795449043815,0.3747397724521907,6.056644880174292,58.50649350649352,25.0,9,67.53246753246754,50.64935064935064,,,,,,,,,,,,93.5064935064935,,,,,25.97402597402597,57.14285714285714,58.44155844155844,,,41.55844155844156,62.33766233766234,77.92207792207793,23.0,90000000.0,90.0,marquee,kai havertz
https://fbref.com/en/players/aad56ca3/Amine-Gouiri,Amine Gouiri,Nice,striker,21.0,3,6109.0,38.45231625470617,0.6629562939924701,0.4272385005729252,0.4714355868390898,1.4732362088721558,1.13439188083156,77.25932231134391,2.401375020461614,0.0,0.5745621214601407,0.2357177934195449,1.4143067605172694,6.576986002544992,7.970207889998362,4.434440988705189,0.5892944835488623,1.881476095255408,1.635292191848093,0.224496644295302,4.025277459486005,0.3697528237027337,1.664756916025536,2.110525359025632,0.3091766246521526,0.4659715174332951,5.450973972826977,56.80519480519481,27.0,9,42.85714285714285,5.194805194805195,,,,,,,,,,,,66.23376623376623,,,,,90.9090909090909,96.1038961038961,53.24675324675325,,,37.66233766233766,72.72727272727273,64.93506493506493,22.0,50000000.0,50.0,mid,amine gouiri
https://fbref.com/en/players/8e92be30/Alexander-Isak,Alexander Isak,Real Sociedad,striker,20.0,3,4722.0,36.56332062685303,1.372299872935197,0.1905972045743329,0.2858958068614993,0.8005082592121981,0.6099110546378653,72.37810249894113,1.44853875476493,0.0,0.4002541296060991,0.0762388818297331,0.7433290978398983,3.3950892857142856,7.395171537484116,2.973316391359593,0.3049555273189326,2.25,0.6289707750952985,0.116857263871241,2.1541550190597203,0.5107285048708174,1.4866581956797966,1.1852678571428572,0.4181152054214316,0.2091486658195679,5.870393900889454,54.05194805194808,31.0,9,36.36363636363637,33.76623376623377,,,,,,,,,,,,50.64935064935064,,,,,37.66233766233766,37.66233766233766,85.71428571428571,,,66.23376623376623,14.285714285714285,76.62337662337663,23.0,140000000.0,140.0,marquee,alexander isak
https://fbref.com/en/players/aed3a70f/Ollie-Watkins,Ollie Watkins,Aston Villa,striker,24.0,3,7375.0,42.44237288135593,3.124067796610169,0.4027118644067797,0.72,1.159322033898305,0.8176271186440678,72.23058983050848,1.269152542372881,0.0,0.512542372881356,0.0610169491525423,1.025084745762712,3.496815286624204,8.115254237288136,3.0508474576271185,0.3905084745762712,2.8805732484076434,1.0128813559322034,0.1279918644067796,2.4624542372881355,0.3379918644067796,1.000677966101695,0.8885350318471339,0.3017762711864407,0.3343552542372881,5.8698305084745765,52.40259740259742,34.0,9,59.74025974025974,74.02597402597402,,,,,,,,,,,,71.42857142857143,,,,,46.75324675324675,54.54545454545454,40.25974025974026,,,32.467532467532465,51.94805194805194,75.32467532467533,26.0,65000000.0,65.0,mid,ollie watkins
https://fbref.com/en/players/c0b3669f/Randal-Kolo-Muani,Randal Kolo Muani,Nantes,striker,21.0,3,6824.0,35.14254103165299,2.0310668229777256,0.4352286049237983,0.7781359906213364,1.2529308323563892,0.6330597889800703,66.72130715123095,0.9759671746776084,0.0131887456037514,0.5539273153575616,0.1186987104337631,0.5803048065650644,4.170988790363058,7.01641266119578,4.523739742086753,0.3824736225087925,3.0717751380291114,1.134232121922626,0.1890445486518171,2.727012016412661,0.3121263188745603,1.6090269636576788,1.0992136523339469,0.3194065064478312,0.5335653575615474,5.526084407971864,49.55844155844157,40.0,9,29.87012987012987,53.24675324675325,,,,,,,,,,,,42.85714285714285,,,,,80.51948051948052,66.23376623376623,31.16883116883117,,,40.25974025974026,81.81818181818183,66.23376623376623,23.0,80000000.0,80.0,marquee,randal kolo muani
https://fbref.com/en/players/ce50fd99/Jonathan-David,Jonathan David,Lille,striker,21.0,3,6310.0,23.92792393026941,0.7844690966719493,0.4421553090332805,0.3565768621236133,1.2408874801901744,0.6846275752773375,79.51201267828843,1.4690966719492868,0.0,0.5419968304278923,0.0855784469096671,1.1125198098256734,2.687088018611865,7.702060221870047,4.250396196513471,0.3280507131537242,2.5300504071345484,1.1980982567353406,0.1360316957210776,2.56973058637084,0.4113502377179081,1.0269413629160062,0.6281504459092672,0.4735784469096672,0.3504215530903328,4.992076069730586,48.31168831168832,42.0,9,2.5974025974025974,9.090909090909092,,,,,,,,,,,,55.84415584415584,,,,,53.24675324675325,61.03896103896104,63.63636363636363,,,74.02597402597402,55.84415584415584,38.961038961038966,22.0,60000000.0,60.0,mid,jonathan david
https://fbref.com/en/players/065dc209/Terem-Moffi,Terem Moffi,Lorient,striker,22.0,3,5636.0,34.055110007097234,1.740596167494677,0.3513129879347055,0.5748757984386089,0.9102200141944642,0.5908445706174592,72.8110361958836,1.1976579134137686,0.0,0.3513129879347055,0.0798438608942512,0.8942512420156139,2.8595317725752505,6.307665010645849,3.656848828956707,0.255500354861604,3.574414715719064,1.0699077359829667,0.1281813342796309,2.3569960965223564,0.3591501064584811,1.213626685592619,1.0535117056856187,0.4140454222853088,0.353985095812633,4.551100070972321,45.40259740259741,47.0,9,25.97402597402597,45.45454545454545,,,,,,,,,,,,31.16883116883117,,,,,48.05194805194805,50.64935064935064,48.05194805194805,,,62.33766233766234,58.44155844155844,31.16883116883117,23.0,25000000.0,25.0,bargain,terem moffi
https://fbref.com/en/players/bbf5c11b/Rafa-Mir,Rafa Mir,Huesca,striker,23.0,3,5139.0,49.494765518583385,3.537653239929947,0.2802101576182136,0.8056042031523643,0.7005253940455342,0.5779334500875657,63.49922163845106,0.8756567425569176,0.0,0.2802101576182136,0.0350262697022767,0.5954465849387041,1.6520811099252934,4.553415061295972,3.204903677758318,0.1401050788091068,3.0352187833511204,0.3852889667250437,0.0273652461568398,1.1316365051566453,0.4355730686904067,0.542907180385289,0.6147278548559232,0.383922942206655,0.1215450476746448,4.588441330998249,45.23376623376625,48.0,9,81.81818181818183,80.51948051948052,,,,,,,,,,,,5.194805194805195,,,,,1.2987012987012987,2.5974025974025974,72.72727272727273,,,55.84415584415584,2.5974025974025974,32.467532467532465,25.0,16000000.0,16.0,bargain,rafa mir
https://fbref.com/en/players/8c3c640c/Mikel-Oyarzabal,Mikel Oyarzabal,Real Sociedad,striker,23.0,2,4079.0,35.64846776170629,1.081147340034322,0.7501838685952439,0.6398627114488845,1.8754596714881095,1.3679823486148566,69.07585192449129,2.6256435400833538,0.0220642314292718,0.7060554057367001,0.2427065457219906,1.1694042657514097,4.545231674430007,6.57514096592302,5.913214023044864,0.4633488600147095,1.853395440058838,1.9416523657759253,0.2654204461877911,3.614329492522677,0.2609659230203481,1.1252758028928658,1.7430742829124786,0.2227727384162785,0.5502329002206422,4.501103211571463,40.87012987012989,50.0,9,32.467532467532465,23.37662337662337,,,,,,,,,,,,32.467532467532465,,,,,96.1038961038961,92.2077922077922,16.883116883116884,,,11.688311688311687,84.4155844155844,29.87012987012987,24.0,70000000.0,70.0,mid,mikel oyarzabal
https://fbref.com/en/players/0a447501/Antonio-Sanabria,Antonio Sanabria,Torino,striker,25.0,3,3382.0,35.184979302188054,3.19337670017741,0.4790065050266115,0.5588409225310468,0.9314015375517446,0.6652868125369604,75.6780307510349,0.7717327025428741,0.0,0.319337670017741,0.0266114725014784,0.824955647545831,1.812297734627832,6.599645180366648,3.6989946777055,0.133057362507392,3.527508090614887,0.824955647545831,0.0997575399172087,1.8388527498521583,0.3621969248965109,0.6120638675340035,0.8414239482200647,0.3462684801892371,0.211986989946777,4.470727380248374,38.36363636363638,55.0,9,31.16883116883117,77.92207792207793,,,,,,,,,,,,33.76623376623377,,,,,23.37662337662337,20.77922077922078,49.35064935064935,,,48.05194805194805,16.883116883116884,25.97402597402597,26.0,10000000.0,10.0,bargain,antonio sanabria
https://fbref.com/en/players/0b90bb97/Santi-Mina,Santi Mina,Celta Vigo,striker,24.0,2,4779.0,44.50282485875706,4.538606403013183,0.4708097928436911,0.8286252354048964,1.694915254237288,1.0169491525423728,70.88060263653483,1.2241054613935969,0.0,0.7532956685499058,0.0188323917137476,0.9792843691148776,1.8267419962335216,6.214689265536723,4.576271186440678,0.6591337099811676,3.0131826741996237,0.527306967984934,0.0898116760828625,1.5240112994350283,0.3000941619585687,0.3578154425612053,0.7721280602636534,0.3406591337099812,0.3053295668549906,3.5781544256120528,35.766233766233775,57.0,9,64.93506493506493,87.01298701298701,,,,,,,,,,,,22.07792207792208,,,,,18.181818181818183,6.493506493506493,24.675324675324678,,,46.75324675324675,40.25974025974026,9.090909090909092,25.0,30000000.0,30.0,mid,santi mina
https://fbref.com/en/players/eeba07f8/Luis-Javier-Suarez,Luis Javier Suárez,Granada,striker,23.0,3,4803.0,28.92365188423901,1.7426608369768894,0.5059337913803873,0.7870081199250468,1.5178013741411618,0.8806995627732667,64.67343327087238,1.5552779512804498,0.0,0.637101811367895,0.2248594628357276,0.9369144284821986,4.0509977827051,6.258588382261086,3.972517176764522,0.3747657713928794,3.0133037694013303,0.7870081199250468,0.1099999999999999,2.132338122007079,0.3644014157818031,1.1430356027482824,1.1574279379157426,0.2978097022694149,0.3166333541536539,4.272329793878826,35.76623376623377,58.0,9,12.987012987012983,46.75324675324675,,,,,,,,,,,,28.57142857142857,,,,,35.064935064935064,36.36363636363637,50.64935064935064,,,29.87012987012987,42.85714285714285,20.77922077922078,24.0,,,unknown,luis javier suarez
https://fbref.com/en/players/f2bf1b0f/Che-Adams,Che Adams,Southampton,striker,24.0,3,5619.0,29.92051966542089,2.1142552055525896,0.3523758675920982,0.7047517351841965,1.217298451681794,0.8969567538707955,69.51363231891796,1.6817939135077418,0.0160170848905499,0.5285638013881474,0.0800854244527496,0.8809396689802457,2.161070973225669,6.198611852642819,4.13240790176188,0.3844100373731981,2.409689757756056,1.1532301121195945,0.1542391884676989,2.212884854956398,0.3320039152874177,0.7207688200747464,0.8414789630259243,0.3036287595657591,0.2113436554547073,4.19647624132408,34.142857142857146,60.0,9,16.883116883116884,58.44155844155844,,,,,,,,,,,,19.480519480519483,,,,,61.03896103896104,44.15584415584416,38.961038961038966,,,35.064935064935064,15.584415584415584,16.883116883116884,26.0,22000000.0,22.0,bargain,che adams
https://fbref.com/en/players/4bcf39f6/Neal-Maupay,Neal Maupay,Brighton,striker,23.0,3,5238.0,25.643069873997707,0.9106529209621992,0.4123711340206185,0.2061855670103092,1.2199312714776631,0.6701030927835051,77.78759068346697,1.3402061855670102,0.0,0.5670103092783505,0.1030927835051546,0.8934707903780068,2.988721804511278,8.195876288659793,4.192439862542956,0.3780068728522336,2.0676691729323307,0.9965635738831614,0.1226689576174112,2.5604696449026347,0.3391828942344406,0.9278350515463916,1.0902255639097744,0.2251699121802214,0.1912180221458571,5.446735395189003,33.84415584415585,61.0,9,5.194805194805195,12.987012987012983,,,,,,,,,,,,75.32467532467533,,,,,45.45454545454545,58.44155844155844,41.55844155844156,,,14.285714285714285,7.792207792207792,63.63636363636363,26.0,22000000.0,22.0,bargain,neal maupay
https://fbref.com/en/players/fa031b34/Richarlison,Richarlison,Everton,striker,23.0,3,5755.0,29.452980017376195,1.5951346655082537,0.6880973066898349,1.1728931364031276,2.2206776715899217,1.37619461337967,66.20079930495221,1.3292788879235449,0.0,0.9852302345786274,0.0625543006081668,0.8132059079061685,4.429791976225855,6.286707211120765,6.145960034752389,0.5473501303214596,2.3569836552748886,0.9226759339704604,0.1341685490877497,2.471768896611642,0.2807732406602953,1.548218940052129,1.487741456166419,0.2040556038227628,0.313393570807993,5.223284100781929,30.623376623376632,67.0,9,15.584415584415584,38.961038961038966,,,,,,,,,,,,29.87012987012987,,,,,51.94805194805194,55.84415584415584,22.07792207792208,,,9.090909090909092,41.55844155844156,45.45454545454545,25.0,65000000.0,65.0,mid,richarlison
https://fbref.com/en/players/4c2e9442/Maxi-Gomez,Maxi Gómez,Valencia,striker,23.0,3,4753.0,50.74346728382074,3.8438880706921945,0.1136124552913949,0.9278350515463918,0.5112560488112771,0.4165790027351146,65.94578161161373,1.3822848727119714,0.0,0.2840311382284873,0.0946770460761624,1.0982537344834842,1.666307857911733,4.544498211655797,3.20008415737429,0.1893540921523248,2.3832077502691065,0.6059330948874395,0.049415106248685,1.9154407742478436,0.2314369871660004,0.3408373658741847,0.6393972012917115,0.2247738270565958,0.2834020618556701,3.313696612665685,27.83116883116883,69.0,9,83.11688311688312,84.4155844155844,,,,,,,,,,,,3.896103896103896,,,,,2.5974025974025974,23.37662337662337,10.38961038961039,,,12.987012987012983,32.467532467532465,6.493506493506493,26.0,40000000.0,40.0,mid,maxi gomez
https://fbref.com/en/players/a8d4428b/Josh-Sargent,Josh Sargent,Werder Bremen,striker,20.0,2,4078.0,40.94306032368808,2.471799901912702,0.9048553212359,1.169691025012261,2.449730259931339,2.074546346248161,72.19499754781756,1.390387444825895,0.0441392839627268,0.9931338891613536,0.0662089259440902,0.8165767533104463,2.2069641981363413,5.208435507601766,5.936733692986758,0.5296714075527219,2.5380088278567925,0.9489946051986268,0.1053065228052967,1.9877587052476704,0.1845806768023541,1.015203531142717,0.7945071113290829,0.1530161844041196,0.1284355076017655,3.509073075036783,20.181818181818187,74.0,9,50.64935064935064,64.93506493506493,,,,,,,,,,,,9.090909090909092,,,,,29.87012987012987,28.57142857142857,5.194805194805195,,,3.896103896103896,3.896103896103896,7.792207792207792,21.0,12000000.0,12.0,bargain,josh sargent
https://fbref.com/en/players/d49f3e6b/Lucas-Boye,Lucas Boyé,Elche,striker,24.0,3,5011.0,24.1915386150469,1.2033526242267012,0.5926960686489723,0.8980243464378368,2.0834164837357814,1.275194571941728,77.26683296747157,1.149471163440431,0.0,0.8800638595090801,0.0718419477150269,1.275194571941728,2.879509870660313,6.214328477349831,4.454200758331671,0.9339453202953504,5.432266848196051,0.610656555577729,0.0767930552783875,1.7292057473558171,0.194739572939533,2.2091398922370784,0.8985704560925799,0.2682159249650768,0.2944422271003791,3.663939333466374,15.519480519480524,76.0,9,3.896103896103896,29.87012987012987,,,,,,,,,,,,20.77922077922078,,,,,11.688311688311687,15.584415584415584,6.493506493506493,,,23.37662337662337,35.064935064935064,10.38961038961039,26.0,15000000.0,15.0,bargain,lucas boye
